No.,Company,Applied Date,Status,Position,Link,OA,VO
0,bytedance,2026.8.24,applied,Software Engineer - AI Agent Infra​,https://joinbytedance.com/search/7642279421516941573,无笔试,面完一面挂
1,Whatnot,2026.9.02,applied,"Software Engineer, 2027 New Grad",https://www.whatnot.com/careers/roles/29bad846-de60-4be7-a222-69b97e044930?srsltid=AU7gw4VziGjWcixLSlezbF56gyLnV82yQ-QrKiwWb-3OrAqOC2EZAeCg,无笔试,收到-karat-reschedule
2,Abridge,2026.8.31,applied,"Software Engineer, Early Career",N/A,笔试完成,面完-挂
3,Wolverine,2026.9.21,applied,C++ Software Engineer,https://careers.wolve.com/postings/856f5215-88c8-4c1b-bd47-5106b33ed37f,收到-9.27due,
4,State Street,2026.9.21,applied,Software Engineer - REST API Development,https://careers.statestreet.com/global/en/job/STSTGLOBALR798140EXTERNALENGLOBAL/Software-Engineer-REST-API-Development-Officer,,
5,SingleStore,2026.9.21,applied,Software Engineer New Grad - Engine,https://job-boards.greenhouse.io/singlestore/jobs/8220863?utm_source=Simplify&ref=Simplify,,
6,Toyota,2026.9.21,applied,Software Engineer,https://careers.toyota.com/us/en/job/10328391/Software-Engineer,,
7,DoorDash,2026.9.21,applied,"Software Engineer I, Entry-Level",https://careersatdoordash.com/jobs/software-engineer-i-entry-level-graduation-date-fall-2026-summer-2027---us/8163709/,,
8,ASM,2026.9.21,applied,"Engineer, Field Service- Early Career",https://www.asm.com/open-vacancies/engineer-field-service-early-career-4739225101?gh_jid=4739225101,,
9,Wealth.com,2026.9.21,applied,Associate Software Engineer,https://jobs.ashbyhq.com/wealth-com/30842daf-a487-4d21-abbc-452acb72518b/application?utm_source=wNMRV2noy8&src=LinkedIn,,
10,Coram AI,2026.9.21,applied,Graduate Software Engineer,https://jobs.ashbyhq.com/coram-ai/3fa08156-569d-4a69-a918-53e5074dd3a3,,
11,Epitec,2026.9.21,applied,Software Engineer,https://www.linkedin.com/jobs/search-results/?currentJobId=4467392993&trk=d_flagship3_company&refId=CL6C5lEG7XF9UNodn8DpfA%3D%3D&trackingId=AUldIRLxKhsDCBEdWIfh%2Fg%3D%3D&keywords=jobs&origin=COMPANY_PAGE_JOBS_CLUSTER_EXPANSION&originToLandingJobPostings=4467392993%2C4467677493%2C4460292107%2C4470621158%2C4470624019%2C4470614590%2C4468262403%2C4467607473%2C4469168732%2C4469204582&geoId=103644278&f_C=25461,,
12,Eulerity,2026.9.21,applied,Associate Backend Engineer,https://job-boards.greenhouse.io/eulerity/jobs/4709039006,,
13,Speria,2026.9.21,applied,Entry-Level Software Engineer,https://emp.jobylon.com/jobs/383272-speria-entry-level-software-engineer/,,
14,Qualcomm,2026.9.21,applied,Software Engineer - 3096612,https://careers.qualcomm.com/careers/job/446721041627?hl=en-US&utm_source=linkedin&domain=qualcomm.com&source=APPLICANT_SOURCE-6-2,,
15,Brivo,2026.9.21,applied,Software Engineer- NEW GRAD,https://careers.brivo.com/postings/e8e52ee1-acdc-4229-a23f-67488faf4c44,,
16,JPMorganChase,2026.9.21,applied,2027 Software Engineer Program,https://www.jpmorganchase.com/careers/explore-opportunities/programs/software-engineer-fulltime,,
17,Old Mission,2026.9.21,applied,Python Software Engineer,https://www.oldmissioncapital.com/careers/?gh_jid=5594469003,,
18,IMC,2026.9.21,applied,"Software Engineer, Early Career",https://www.imc.com/us/careers/jobs/4577504101,,
19,HRT,2026.9.21,applied,Junior Trading Systems Engineer,https://www.hudsonrivertrading.com/hrt-job/junior-trading-systems-engineer/,,
20,Applied Materials,2026.9.22,applied,2027 Software Engineer,https://amat.wd1.myworkdayjobs.com/en-US/External/job/XMLNAME-2027-Software-Engineer-New-College-Grad--Bachelor-s----Gloucester--MA_R2625914,,
21,DecisionPoint,2026.9.23,applied,Junior Software Developer position,https://careers-decisionpointcorp.icims.com/jobs/3786/junior-software-developer/job,,
22,F5,2026.9.23,applied,Software Engineer I position,https://ffive.wd5.myworkdayjobs.com/f5jobs/job/Seattle/Software-Development-Engineer-I--Former-Summer-2026-Interns-_RP1038795?source=LinkedIn,,
23,Authentic,2026.9.23,applied,New Grad Software Engineer role,https://job-boards.greenhouse.io/authenticinsurance/jobs/4114318009,,
24,AutoStore,2026.9.23,applied,Entry Level Software Engineer,https://autostore.wd3.myworkdayjobs.com/en-US/autostore/job/Entry-Level-Software-Engineer_JR102691,,
25,Loop,2026.9.23,applied,"AI Software Engineer, Backend (SF)",https://link.1p3a.com/?url=https%3A%2F%2Fats.rippling.com%2Floop%2Fjobs%2Ff42fddce-022c-47be-8c57-1b2bb3ee3a7c,,
26,Loop,2026.9.23,applied,"Software Engineer, Systems & Performance",https://link.1p3a.com/?url=https%3A%2F%2Fats.rippling.com%2Floop%2Fjobs%2F5d204606-ff1b-4727-a506-fc19951bf835,,
27,Applied Intuition,2026.9.23,applied,Forward Deployed Engineer,https://jobs.ashbyhq.com/applied/31140958-d768-452c-8498-0b1c7f403943/application,,
28,Applied Intuition,2026.9.23,applied,Software Engineer - New Grad,https://jobs.ashbyhq.com/applied/a837cbd6-9fe4-4d74-a2dc-84f602c40694,,
29,Northwood,2026.9.24,applied,Software Engineer,https://jobs.ashbyhq.com/NorthwoodSpace/b960b661-e1cc-40d0-bde3-290cd1b58ede/application?src=LinkedIn,,
30,MintMCP,2026.9.24,applied,Software Engineer,https://jobs.ashbyhq.com/mintmcp/a52c88a0-a00b-4731-b878-2fec2f6734ea?utm_source=3kKdvyQlEg,,
31,imanage,2026.9.24,applied,Applied AI Engineer,https://imanagecom.applytojob.com/apply/r4huAJvEWl/Applied-AI-Engineer-New-Or-Recent-Grad,,
32,Commure,2026.9.24,applied,"Software Engineer, Scribe AI",https://jobs.ashbyhq.com/Commure/259988fe-0389-461f-823c-36d81840d465/application?utm_source=PendwzoYyV,,
33,Pariveda,2026.9.24,applied,Entry-Level Software Engineer,https://jobs.ashbyhq.com/pariveda/cc4fc0be-c414-4aba-a15d-64daa03476a0/application?utm_source=LinkedInPaid,,
34,Scale AI,2026.9.24,applied,"Software Engineer, Public Sector - New Grad",https://job-boards.greenhouse.io/scaleai/jobs/4736426005?utm_source=Simplify&ref=Simplify,,
35,ZipRecruiter,2026.9.25,applied,Software Engineer New Grad - Multiple Teams,https://job-boards.greenhouse.io/ziprecruiter/jobs/8127108?utm_source=Simplify&ref=Simplify,,
36,Qumulo,2026.9.25,applied,Software Development Engineer New Grad,https://jobs.ashbyhq.com/qumulo/e1cebc33-3bfc-4c86-9581-4d558cd5f8cc/application?embed=true&utm_source=Simplify&ref=Simplify,,
37,Parallel Systems,2026.9.25,applied,Full Stack Software Engineer 1 - Interfaces,https://boards.greenhouse.io/parallel/jobs/5247800007?utm_source=Simplify&ref=Simplify,,
38,GM Financial,2026.9.25,applied,Software Development Engineer I (Mobile),https://fa-exvu-saasfaprod1.fa.ocs.oraclecloud.com/hcmUI/CandidateExperience/en/sites/CX_1/job/260957?utm_source=Simplify&ref=Simplify,,
39,Abbott,2026.9.25,applied,Software Engineer I – 31162389,https://abbott.wd5.myworkdayjobs.com/abbottcareers2/job/United-States---California---La-Jolla/Software-Engineer-I_31162389?utm_source=Simplify&ref=Simplify,,
40,SeatGeek,2026.9.25,applied,Software Engineer - New Grad,https://seatgeek.com/jobs/8227548?gh_jid=8227548,,
41,CACI,2026.9.25,applied,Software Engineer Early Career - Cloud,https://caci.wd1.myworkdayjobs.com/external/job/Hanover-MD-US/Software-Engineer---Early-Career---Cloud_330679?utm_source=Simplify&ref=Simplify,,
42,RTX,2026.9.25,applied,Software Engineer 1,https://globalhr.wd5.myworkdayjobs.com/rec_rtx_ext_gateway/job/US-MA-MARLBOROUGH-MA2--1001-Boston-Post-Rd--BLDG-2/Software-Engineer-I--Onsite-_01877495?utm_source=Simplify&ref=Simplify,,
43,Adobe,2026.9.25,applied,Software Engineer New Grad,https://adobe.wd5.myworkdayjobs.com/external_experienced/job/San-Jose/XMLNAME-2027-University-Graduate---Software-Engineer_R172083?utm_source=Simplify&ref=Simplify,,
44,HRT,2026.9.26,applied,Software Engineer (C++ or Python) – 2027 Grads,https://www.hudsonrivertrading.com/hrt-job/software-engineer-c-or-python-2027-grads/,,
45,Nudge,2026.9.26,applied,Software Engineer,https://jobs.ashbyhq.com/nudge/54fbd79c-ff00-48fc-9346-133ba980e6f1/application?utm_source=DQrdzKyOXx,,
46,revature,2026.9.26,applied,‍Software Engineer,https://www.revature.com/entry-level-software-engineer?utm_source=linkedin&sourcedBy=BalaLP#entry-level-apply-form,,
47,Pariveda,2026.9.26,applied,Entry-Level Software Engineer,https://jobs.ashbyhq.com/pariveda/cc4fc0be-c414-4aba-a15d-64daa03476a0?utm_source=LinkedInPaid,,
48,Solace,2026.9.26,applied,Associate Software Engineer (College Grad 2027),https://jobs.ashbyhq.com/solace/db008474-d93e-41a7-939e-8d5825eb0d0f/application,,
49,Varsity Brands,2026.9.26,applied,Software Engineer 1 - .Net,https://jobs.ashbyhq.com/solace/db008474-d93e-41a7-939e-8d5825eb0d0f/application,,
50,RTX,2026.9.26,applied,Software Engineer 1,https://globalhr.wd5.myworkdayjobs.com/rec_rtx_ext_gateway/job/US-UT-WEST-VALLEY-CITY-338--1127--1128-w-2400-S--BLDG-338/Software-Engineer-I--Onsite-_01875568?utm_source=Simplify&ref=Simplify,,
51,Bloomberg,2026.9.26,applied,Software Engineer,https://bloomberg.avature.net/careers/Private?jobId=21414,,
52,Space,2026.9.26,applied,"Software Engineer I, Elixir (New Grad)",https://job-boards.greenhouse.io/trueanomalyinc/jobs/5232802007?gh_src=eb0h2l5t7us,,
53,Nuro,2026.9.26,applied,"Software Engineer, AI Platform - New Grad",https://www.nuro.ai/careersitem?gh_jid=7351066&gh_src=bcd22a501us,,
54,okta,2026.9.26,applied,Developer Support Associate (New Grad),https://www.okta.com/company/careers/developer-support-associate-new-grad-8191506/?gh_src=9smudzns1us,,
55,amazon,2026.9.26,applied,"Software Development Engineer I, Annapurna Labs, Early Career - 2027",https://account.amazon.jobs/en-US/applicant/jobs/10558915/summary?result=success,,
56,WHOOP,2026.9.26,applied,Software Engineer I (Backend),https://jobs.ashbyhq.com/whoop/0623a9e9-d7bb-4ee5-8100-51c68df81133?utm_source=Ld4yoN6NDV&src=LinkedIn,,
57,Neuralink,2026.9.27,applied,,,,
58,impact.com,2026.9.27,applied,,,,
59,DoorDash,2026.9.27,applied,,,,
60,Iterable,2026.9.27,applied,,,,
61,Rippling,2026.9.27,applied,,,,
62,NVIDIA,2026.9.27,applied,,,,
